manager_key,manager_name,seasons_played,wins,losses,ties,points_for,points_against,playoff_appearances,acquisitions,drops,trades,win_pct,point_diff,championships,runner_up_finishes,third_place_finishes,avg_final_standing,best_season_points,best_season_points_year,worst_season_points,worst_season_points_year,best_game_score,best_game_year,best_game_week,best_game_opponent,worst_game_score,worst_game_year,worst_game_week,playoff_wins,playoff_losses,playoff_win_pct,avg_points_for,avg_points_against,total_moves,acquisitions_per_season,longest_win_streak,longest_win_streak_span,longest_loss_streak,longest_loss_streak_span
{DEA0A0B9-F94E-41C6-9B6E-DBCCDA72D647},Justin Cerilli,15,99,90,0,24438.2,23657.18,14,421,424,4,0.524,781.02,4,3,2,3.07,2081.28,2024.0,1354.0,2016.0,204.0,2025,15,Bryan Testa,53.0,2016,14,16,9,0.64,129.3,125.17,849,28.1,7,"(2017, 2017)",14,"(2016, 2016)"
{6922AB1C-D0AA-4FF7-B20F-7D3962A87CC4},Wiley Cerilli,15,99,89,1,24131.42,23539.48,14,766,785,5,0.524,591.94,3,3,2,3.21,2241.12,2025.0,1305.0,2016.0,212.88,2023,16,Tyler Cerilli,34.86,2018,1,18,9,0.667,127.68,124.55,1556,51.1,7,"(2022, 2022)",5,"(2024, 2024)"
{6C98970E-2FC3-4A12-B297-8226B3443F98},Brad Cerilli,15,90,98,1,23575.42,23910.68,11,390,389,1,0.476,-335.26,2,2,0,4.71,1915.32,2024.0,1446.0,2017.0,198.0,2015,15,Justin Cerilli,18.1,2018,3,9,9,0.5,124.74,126.51,780,26.0,7,"(2015, 2016)",7,"(2017, 2017)"
{91AB270D-14E7-489B-A264-A2A6D446A7B7},Bryan Testa,15,93,96,0,23564.96,23873.74,12,364,363,2,0.492,-308.78,1,2,3,4.36,1985.42,2024.0,1394.14,2019.0,240.04,2024,14,Tyler Cerilli,56.0,2013,8,7,11,0.389,124.68,126.32,729,24.3,6,"(2021, 2022)",8,"(2019, 2019)"
{850C5BAC-38A5-4183-9E71-C8AA0BE7BB0A},Tyler Cerilli,15,110,79,0,23933.56,23225.3,12,420,421,0,0.582,708.26,1,1,4,4.21,2115.66,2023.0,1488.96,2022.0,206.3,2023,13,Peter Cerilli,64.8,2018,15,5,10,0.333,126.63,122.89,841,28.0,9,"(2024, 2024)",5,"(2012, 2012)"
{ABAA9517-ACF5-4651-AA95-17ACF536516E},Evan Cerilli,14,81,105,0,21984.5,22896.5,8,163,155,0,0.435,-912.0,1,1,0,5.79,1783.82,2020.0,1250.4,2021.0,190.76,2025,8,Tyler Cerilli,27.92,2021,17,4,7,0.364,118.2,123.1,318,11.6,7,"(2020, 2020)",9,"(2021, 2022)"
{A689970B-0668-469F-B09C-1BC4985BC82E},Peter Cerilli,15,89,100,0,22810.0,23338.9,9,240,240,2,0.471,-528.9,1,1,0,5.64,2062.44,2023.0,1334.0,2017.0,187.52,2023,10,Brad Cerilli,43.2,2021,7,6,7,0.462,120.69,123.49,482,16.0,4,"(2023, 2023)",6,"(2013, 2013)"
{D3301AF3-E129-4A0F-9D86-ADF8C972DAA8},John Cerilli,15,94,95,0,23591.68,23449.54,10,321,321,2,0.497,142.14,1,1,3,5.0,2135.86,2021.0,1279.0,2017.0,221.32,2021,5,Wiley Cerilli,66.0,2017,1,5,8,0.385,124.82,124.07,644,21.4,7,"(2021, 2021)",7,"(2017, 2018)"
{4A2AA251-C578-48CE-A2C4-978BC9DAEB75},Joey Testa,1,0,3,0,293.34,431.76,0,17,21,0,0.0,-138.42,0,0,0,,,,,,107.28,2026,1,Tyler Cerilli,81.4,2026,2,0,0,,97.78,143.92,38,17.0,0,,3,"(2026, 2026)"
