manager_name,opponent_name,losses,ties,wins,games,win_pct
Brad Cerilli,Bryan Testa,19,0,18,37,0.486
Brad Cerilli,Evan Cerilli,15,0,11,26,0.423
Brad Cerilli,John Cerilli,19,0,15,34,0.441
Brad Cerilli,Justin Cerilli,17,0,18,35,0.514
Brad Cerilli,Peter Cerilli,16,0,15,31,0.484
Brad Cerilli,Tyler Cerilli,20,0,16,36,0.444
Brad Cerilli,Wiley Cerilli,14,1,15,30,0.5
Bryan Testa,Brad Cerilli,18,0,19,37,0.514
Bryan Testa,Evan Cerilli,16,0,21,37,0.568
Bryan Testa,Joey Testa,0,0,1,1,1.0
Bryan Testa,John Cerilli,11,0,16,27,0.593
Bryan Testa,Justin Cerilli,19,0,12,31,0.387
Bryan Testa,Peter Cerilli,16,0,15,31,0.484
Bryan Testa,Tyler Cerilli,16,0,15,31,0.484
Bryan Testa,Wiley Cerilli,16,0,17,33,0.515
Evan Cerilli,Brad Cerilli,11,0,15,26,0.577
Evan Cerilli,Bryan Testa,21,0,16,37,0.432
Evan Cerilli,John Cerilli,23,0,12,35,0.343
Evan Cerilli,Justin Cerilli,21,0,9,30,0.3
Evan Cerilli,Peter Cerilli,20,0,19,39,0.487
Evan Cerilli,Tyler Cerilli,15,0,12,27,0.444
Evan Cerilli,Wiley Cerilli,21,0,11,32,0.344
Joey Testa,Bryan Testa,1,0,0,1,0.0
Joey Testa,John Cerilli,1,0,0,1,0.0
Joey Testa,Tyler Cerilli,1,0,0,1,0.0
John Cerilli,Brad Cerilli,15,0,19,34,0.559
John Cerilli,Bryan Testa,16,0,11,27,0.407
John Cerilli,Evan Cerilli,12,0,23,35,0.657
John Cerilli,Joey Testa,0,0,1,1,1.0
John Cerilli,Justin Cerilli,18,0,15,33,0.455
John Cerilli,Peter Cerilli,15,0,22,37,0.595
John Cerilli,Tyler Cerilli,19,0,12,31,0.387
John Cerilli,Wiley Cerilli,17,0,12,29,0.414
Justin Cerilli,Brad Cerilli,18,0,17,35,0.486
Justin Cerilli,Bryan Testa,12,0,19,31,0.613
Justin Cerilli,Evan Cerilli,9,0,21,30,0.7
Justin Cerilli,John Cerilli,15,0,18,33,0.545
Justin Cerilli,Peter Cerilli,17,0,10,27,0.37
Justin Cerilli,Tyler Cerilli,17,0,11,28,0.393
Justin Cerilli,Wiley Cerilli,17,0,25,42,0.595
Peter Cerilli,Brad Cerilli,15,0,16,31,0.516
Peter Cerilli,Bryan Testa,15,0,16,31,0.516
Peter Cerilli,Evan Cerilli,19,0,20,39,0.513
Peter Cerilli,John Cerilli,22,0,15,37,0.405
Peter Cerilli,Justin Cerilli,10,0,17,27,0.63
Peter Cerilli,Tyler Cerilli,24,0,13,37,0.351
Peter Cerilli,Wiley Cerilli,19,0,9,28,0.321
Tyler Cerilli,Brad Cerilli,16,0,20,36,0.556
Tyler Cerilli,Bryan Testa,15,0,16,31,0.516
Tyler Cerilli,Evan Cerilli,12,0,15,27,0.556
Tyler Cerilli,Joey Testa,0,0,1,1,1.0
Tyler Cerilli,John Cerilli,12,0,19,31,0.613
Tyler Cerilli,Justin Cerilli,11,0,17,28,0.607
Tyler Cerilli,Peter Cerilli,13,0,24,37,0.649
Tyler Cerilli,Wiley Cerilli,18,0,15,33,0.455
Wiley Cerilli,Brad Cerilli,15,1,14,30,0.467
Wiley Cerilli,Bryan Testa,17,0,16,33,0.485
Wiley Cerilli,Evan Cerilli,11,0,21,32,0.656
Wiley Cerilli,John Cerilli,12,0,17,29,0.586
Wiley Cerilli,Justin Cerilli,25,0,17,42,0.405
Wiley Cerilli,Peter Cerilli,9,0,19,28,0.679
Wiley Cerilli,Tyler Cerilli,15,0,18,33,0.545
