manager_key,games,points_for,points_against,wins,losses,ties,win_pct,avg_points_for,avg_points_against,manager_name
{850C5BAC-38A5-4183-9E71-C8AA0BE7BB0A},189,23940.56,23231.3,110,79,0,0.582,126.67,122.92,Tyler Cerilli
{DEA0A0B9-F94E-41C6-9B6E-DBCCDA72D647},189,24445.2,23663.18,99,90,0,0.524,129.34,125.2,Justin Cerilli
{6922AB1C-D0AA-4FF7-B20F-7D3962A87CC4},189,24138.42,23545.48,99,89,1,0.524,127.72,124.58,Wiley Cerilli
{D3301AF3-E129-4A0F-9D86-ADF8C972DAA8},189,23597.68,23456.54,94,95,0,0.497,124.86,124.11,John Cerilli
{91AB270D-14E7-489B-A264-A2A6D446A7B7},189,23570.96,23880.74,93,96,0,0.492,124.71,126.35,Bryan Testa
{6C98970E-2FC3-4A12-B297-8226B3443F98},189,23581.42,23917.68,90,98,1,0.476,124.77,126.55,Brad Cerilli
{A689970B-0668-469F-B09C-1BC4985BC82E},189,22816.0,23345.9,89,100,0,0.471,120.72,123.52,Peter Cerilli
{ABAA9517-ACF5-4651-AA95-17ACF536516E},186,21991.5,22902.5,81,105,0,0.435,118.23,123.13,Evan Cerilli
{4A2AA251-C578-48CE-A2C4-978BC9DAEB75},3,293.34000000000003,431.76,0,3,0,0.0,97.78,143.92,Joey Testa
