year,manager_name,team_name,wins,losses,ties,points_for,points_against,final_standing,made_playoffs
2012,Wiley Cerilli,U.R.A.P. NESS,6,4,1,1093.0,1027.0,1,True
2012,Brad Cerilli,Team Connor Kitty ,6,4,1,1187.0,1043.0,2,True
2012,John Cerilli,Show me your TDs,7,4,0,1204.0,1149.0,3,True
2012,Bryan Testa,YOUR ROYAL HIGHNESS,8,3,0,1144.0,1094.0,4,True
2012,Justin Cerilli,"NY, Larchmont C-Men",6,5,0,1156.0,1085.0,5,True
2012,Evan Cerilli,Team Elite,4,7,0,1056.0,1152.0,6,True
2012,Tyler Cerilli,Team Shake N Bake,2,9,0,982.0,1247.0,7,False
2012,Peter Cerilli,Team UNCLE,4,7,0,1024.0,1049.0,8,False
2013,John Cerilli,Show me your TDs,8,6,0,1826.0,1712.0,1,True
2013,Justin Cerilli,The 3 GirlsAndChamp,7,7,0,1769.0,1754.0,2,True
2013,Bryan Testa,YOUR ROYAL HIGHNESS,8,6,0,1656.0,1708.0,3,True
2013,Brad Cerilli,Team Connor Kitty ,9,5,0,1862.0,1672.0,4,True
2013,Tyler Cerilli,Not Over til its Over...,7,7,0,1757.0,1795.0,5,True
2013,Wiley Cerilli,Dynasty Champ,6,8,0,1851.0,1807.0,6,True
2013,Evan Cerilli,Cambridge Crimson,5,9,0,1662.0,1828.0,7,False
2013,Peter Cerilli,Team UNCLE,6,8,0,1662.0,1769.0,8,False
2014,Justin Cerilli,The 3 GirlsAndChamp,8,5,0,1609.0,1515.0,1,True
2014,Brad Cerilli,Team Connor Kitty,7,6,0,1590.0,1703.0,2,True
2014,Wiley Cerilli,Legendary Comeback,5,8,0,1527.0,1606.0,3,True
2014,Tyler Cerilli,Money Team,11,2,0,1828.0,1525.0,4,True
2014,Bryan Testa,YOUR ROYAL HIGHNESS,7,6,0,1631.0,1583.0,5,True
2014,Evan Cerilli,The Mayor of Titty City,6,7,0,1700.0,1615.0,6,True
2014,Peter Cerilli,Team UNCLE,5,8,0,1442.0,1597.0,7,False
2014,John Cerilli,Show me your TDs,3,10,0,1473.0,1656.0,8,False
2015,Brad Cerilli,Team Connor Kitty,7,6,0,1740.0,1577.0,1,True
2015,Tyler Cerilli,Money Team,10,3,0,1709.0,1541.0,2,True
2015,Justin Cerilli,The 3 GirlsAndChamp,8,5,0,1678.0,1695.0,3,True
2015,Wiley Cerilli,Brady And The Gronk,7,6,0,1621.0,1639.0,4,True
2015,Evan Cerilli,The Mayor of Titty City,7,6,0,1618.0,1421.0,5,True
2015,Bryan Testa,YOUR ROYAL HIGHNESS,5,8,0,1617.0,1681.0,6,True
2015,Peter Cerilli,Team UNCLE,3,10,0,1371.0,1713.0,7,False
2015,John Cerilli,Show me your TDs,5,8,0,1420.0,1507.0,8,False
2016,Peter Cerilli,Team UNCLE,8,5,0,1560.0,1437.0,1,True
2016,Evan Cerilli,The Mayor of Titty City,9,4,0,1561.0,1414.0,2,True
2016,Bryan Testa,YOUR  ROYAL HIGHNESS,8,5,0,1506.0,1539.0,3,True
2016,Tyler Cerilli,Money Team,8,5,0,1589.0,1499.0,4,True
2016,John Cerilli,Show me your TDs,6,7,0,1681.0,1544.0,5,True
2016,Brad Cerilli,2015 Champion Connor Kitty,7,6,0,1567.0,1521.0,6,True
2016,Justin Cerilli,The 3 GirlsAndChamp,1,12,0,1354.0,1702.0,7,False
2016,Wiley Cerilli,The Jags Are Back,5,8,0,1305.0,1467.0,8,False
2017,Justin Cerilli,Hingham MA CerilliSorority,6,7,0,1541.0,1475.0,1,True
2017,Bryan Testa,YOUR  ROYAL HIGHNESS,6,7,0,1524.0,1454.0,2,True
2017,Tyler Cerilli,Money Team,11,2,0,1545.0,1281.0,3,True
2017,Wiley Cerilli,Antonio n Josh Brown,8,5,0,1491.0,1499.0,4,True
2017,Brad Cerilli,2015 Champion Connor Kitty,5,8,0,1446.0,1519.0,5,True
2017,John Cerilli,Show me your TDs,6,7,0,1279.0,1351.0,6,True
2017,Evan Cerilli,The Mayor of Titty City,5,8,0,1313.0,1492.0,7,False
2017,Peter Cerilli,Team UNCLE,5,8,0,1334.0,1402.0,8,False
2018,Justin Cerilli,Riverside CerilliSorority,7,6,0,1724.96,1751.92,1,True
2018,Wiley Cerilli,Azza My team,7,6,0,1695.48,1662.64,2,True
2018,Bryan Testa,TESTA MANIA,8,5,0,1874.72,1722.08,3,True
2018,Tyler Cerilli,Your  Favorite QB,11,2,0,1716.62,1472.08,4,True
2018,Evan Cerilli,2019 Champion,6,7,0,1675.86,1566.92,5,True
2018,Peter Cerilli,Team UNCLE,6,7,0,1645.3,1685.58,6,True
2018,John Cerilli,Awwww Yeahh,4,9,0,1660.6,1756.44,7,False
2018,Brad Cerilli,B-radical Bros  - Connor Kitty,3,10,0,1465.54,1841.42,8,False
2019,Wiley Cerilli,Azza My team,10,3,0,1930.52,1527.98,1,True
2019,Justin Cerilli,Riverside CerilliSorority,8,5,0,1683.52,1472.64,2,True
2019,Tyler Cerilli,Westport Wookiee Warrior,7,6,0,1610.9,1648.08,3,True
2019,John Cerilli,Awwww Yeahh,6,7,0,1553.88,1559.34,4,True
2019,Peter Cerilli,Team UNCLE,6,7,0,1626.88,1758.1,5,True
2019,Evan Cerilli,2019 Champion,8,5,0,1606.42,1572.64,6,True
2019,Brad Cerilli,B-radical Bros  - Connor Kitty,4,9,0,1551.58,1633.86,7,False
2019,Bryan Testa,TESTA MANIA,3,10,0,1394.14,1785.2,8,False
2020,Evan Cerilli,₿rookline  ₿allers,9,4,0,1783.82,1617.46,1,True
2020,Bryan Testa,TESTA MANIA,8,5,0,1671.8,1677.4,2,True
2020,Wiley Cerilli,Cerilli FRATERNITY,6,7,0,1656.8,1639.5,3,True
2020,Peter Cerilli,Team UNCLE,7,6,0,1727.12,1707.78,4,True
2020,Justin Cerilli,Riverside CerilliSorority,6,7,0,1780.1,1777.98,5,True
2020,John Cerilli,Awwww Yeahh,6,7,0,1589.48,1666.74,6,True
2020,Tyler Cerilli,_ TanneThrill,5,8,0,1596.52,1612.94,7,False
2020,Brad Cerilli,B-radical Bros  - Connor Kitty,5,8,0,1687.32,1793.16,8,False
2021,Justin Cerilli,Riverside CerilliSorority,8,6,0,1824.82,1636.86,1,True
2021,Wiley Cerilli,Cerilli Fraternity,6,8,0,1721.72,1800.98,2,True
2021,John Cerilli,Awwww Yeahh,13,1,0,2135.86,1563.86,3,True
2021,Peter Cerilli,Team UNCLE,7,7,0,1630.08,1580.38,4,True
2021,Brad Cerilli,B-radical Bros  - Connor Kitty,6,8,0,1711.18,1855.86,5,True
2021,Tyler Cerilli,_ TanneThrill,6,8,0,1662.5,1724.54,6,True
2021,Bryan Testa,TESTA MANIA,6,8,0,1658.38,1748.34,7,False
2021,Evan Cerilli,₿rookline  ₿allers,4,10,0,1250.4,1684.12,8,False
2022,Bryan Testa,TESTA MANIA,5,9,0,1750.78,1777.48,1,True
2022,Wiley Cerilli,Cerilli Fraternity,11,3,0,1927.26,1691.9,2,True
2022,John Cerilli,Awwww Yeahh,10,4,0,1740.2,1626.52,3,True
2022,Evan Cerilli,₿rookline  ₿allers,7,7,0,1743.7,1691.0,4,True
2022,Brad Cerilli,Team  Connor Kitty,6,8,0,1768.26,1712.26,5,True
2022,Justin Cerilli,Riverside CerilliSorority,8,6,0,1842.82,1707.94,6,True
2022,Tyler Cerilli,Wookiee Warriors,5,9,0,1488.96,1713.98,7,False
2022,Peter Cerilli,Team UNCLE,4,10,0,1406.82,1747.72,8,False
2023,Wiley Cerilli,Cerilli Fraternity,6,8,0,1891.68,1927.78,1,True
2023,Peter Cerilli,Team UNCLE,10,4,0,2062.44,1773.96,2,True
2023,Tyler Cerilli,Wookiee Warriors,8,6,0,2115.66,1922.16,3,True
2023,Justin Cerilli,Riverside CerilliSorority,7,7,0,1974.92,1920.36,4,True
2023,Bryan Testa,TESTA MANIA,7,7,0,1833.16,1928.72,5,True
2023,Brad Cerilli,Team  Connor Kitty,8,6,0,1839.98,1933.56,6,True
2023,John Cerilli,Awwww Yeahh,5,9,0,1830.86,1985.16,7,False
2023,Evan Cerilli,₿rookline  ₿allers,5,9,0,1730.44,1887.44,8,False
2024,Tyler Cerilli,Wookiee Warriors,10,4,0,1933.28,1821.4,1,True
2024,John Cerilli,Awwww Yeahh,8,6,0,1892.82,1997.0,2,True
2024,Justin Cerilli,Riverside CerilliSorority,11,3,0,2081.28,1782.58,3,True
2024,Wiley Cerilli,Azza My Dog,5,9,0,1711.48,1945.06,4,True
2024,Peter Cerilli,Team UNCLE,8,6,0,2022.74,1838.1,5,True
2024,Brad Cerilli,Team  Connor Kitty,7,7,0,1915.32,1912.66,6,True
2024,Bryan Testa,TESTA MANIA,4,10,0,1985.42,1917.64,7,False
2024,Evan Cerilli,₿rookline  ₿allers,3,11,0,1689.22,2017.12,8,False
2025,Brad Cerilli,Team  Connor Kitty,10,4,0,1852.62,1730.4,1,True
2025,Justin Cerilli,Riverside CerilliSorority,7,7,0,1993.1,1889.4,2,True
2025,Tyler Cerilli,Wookiee Warriors,6,8,0,1980.18,2086.52,3,True
2025,Wiley Cerilli,CeeDees 4 Championshiips,10,4,0,2241.12,1865.92,4,True
2025,Bryan Testa,TESTAMANIA,7,7,0,1891.42,1926.86,5,True
2025,Peter Cerilli,Team UNCLE,8,6,0,1873.94,1858.2,6,True
2025,John Cerilli,Ohhhh Noo,5,9,0,1896.34,2028.26,7,False
2025,Evan Cerilli,₿rookline  ₿allers,3,11,0,1594.64,1937.8,8,False
2026,John Cerilli,Awww Yeahhh,2,1,0,408.64,347.22,0,True
2026,Justin Cerilli,Riverside CerilliSorority,1,2,0,425.68,491.5,0,True
2026,Joey Testa,Joey's Scary Team,0,3,0,293.34,431.76,0,False
2026,Wiley Cerilli,The Tall Cerilli,1,2,0,467.36,432.72,0,True
2026,Tyler Cerilli,Duke of Guarcino,3,0,0,418.94,335.6,0,True
2026,Brad Cerilli,Bradamania ,0,3,0,391.62,462.5,0,False
2026,Peter Cerilli,Team UNCLE,2,1,0,421.68,422.08,0,True
2026,Bryan Testa,TESTAMANIA,3,0,0,427.14,331.02,0,True
